"nome";"nome_sanitizado";"partido";"uf";"tipo"
"Acácio Favacho";"ACACIO FAVACHO";"MDB";"AP";"deputado"
"Adail Filho";"ADAIL FILHO";"REPUBLICANOS";"AM";"deputado"
"Adilson Barroso";"ADILSON BARROSO";"PL";"SP";"deputado"
"Adolfo Viana";"ADOLFO VIANA";"PSDB";"BA";"deputado"
"Adriana Ventura";"ADRIANA VENTURA";"NOVO";"SP";"deputado"
"Adriano Do Baldy";"ADRIANO BALDY";"PP";"GO";"deputado"
"Aécio Neves";"AECIO NEVES";"PSDB";"MG";"deputado"
"Afonso Hamm";"AFONSO HAMM";"PP";"RS";"deputado"
"Afonso Motta";"AFONSO MOTTA";"PDT";"RS";"deputado"
"Aguinaldo Ribeiro";"AGUINALDO RIBEIRO";"PP";"PB";"deputado"
"Airton Faleiro";"AIRTON FALEIRO";"PT";"PA";"deputado"
"Aj Albuquerque";"AJ ALBUQUERQUE";"PP";"CE";"deputado"
"Alberto Fraga";"ALBERTO FRAGA";"PL";"DF";"deputado"
"Albuquerque";"ALBUQUERQUE";"REPUBLICANOS";"RR";"deputado"
"Alceu Moreira";"ALCEU MOREIRA";"MDB";"RS";"deputado"
"Alencar Santana";"ALENCAR SANTANA";"PT";"SP";"deputado"
"Alex Manente";"ALEX MANENTE";"CIDADANIA";"SP";"deputado"
"Alex Santana";"ALEX SANTANA";"REPUBLICANOS";"BA";"deputado"
"Alexandre Guimarães";"ALEXANDRE GUIMARAES";"MDB";"TO";"deputado"
"Alexandre Leite";"ALEXANDRE LEITE";"UNIÃO";"SP";"deputado"
"Alexandre Lindenmeyer";"ALEXANDRE LINDENMEYER";"PT";"RS";"deputado"
"Alfredinho";"ALFREDINHO";"PT";"SP";"deputado"
"Alfredo Gaspar";"ALFREDO GASPAR";"UNIÃO";"AL";"deputado"
"Alice Portugal";"ALICE PORTUGAL";"PCdoB";"BA";"deputado"
"Aliel Machado";"ALIEL MACHADO";"PV";"PR";"deputado"
"Allan Garcês";"ALLAN GARCES";"PP";"MA";"deputado"
"Altineu Côrtes";"ALTINEU CORTES";"PL";"RJ";"deputado"
"Aluisio Mendes";"ALUISIO MENDES";"REPUBLICANOS";"MA";"deputado"
"Amanda Gentil";"AMANDA GENTIL";"PP";"MA";"deputado"
"Amaro Neto";"AMARO NETO";"REPUBLICANOS";"ES";"deputado"
"Amom Mandel";"AMOM MANDEL";"CIDADANIA";"AM";"deputado"
"Ana Paula Leão";"ANA PAULA LEAO";"PP";"MG";"deputado"
"Ana Paula Lima";"ANA PAULA LIMA";"PT";"SC";"deputado"
"Ana Pimentel";"ANA PIMENTEL";"PT";"MG";"deputado"
"André Fernandes";"ANDRE FERNANDES";"PL";"CE";"deputado"
"André Ferreira";"ANDRE FERREIRA";"PL";"PE";"deputado"
"André Figueiredo";"ANDRE FIGUEIREDO";"PDT";"CE";"deputado"
"André Janones";"ANDRE JANONES";"AVANTE";"MG";"deputado"
"Andreia Siqueira";"ANDREIA SIQUEIRA";"MDB";"PA";"deputado"
"Antônia Lúcia";"ANTONIA LUCIA";"REPUBLICANOS";"AC";"deputado"
"Antonio Andrade";"ANTONIO ANDRADE";"REPUBLICANOS";"TO";"deputado"
"Antonio Brito";"ANTONIO BRITO";"PSD";"BA";"deputado"
"Antonio Carlos Rodrigues";"ANTONIO CARLOS RODRIGUES";"PL";"SP";"deputado"
"Antônio Doido";"ANTONIO DOIDO";"MDB";"PA";"deputado"
"Any Ortiz";"ANY ORTIZ";"CIDADANIA";"RS";"deputado"
"Arlindo Chinaglia";"ARLINDO CHINAGLIA";"PT";"SP";"deputado"
"Arnaldo Jardim";"ARNALDO JARDIM";"CIDADANIA";"SP";"deputado"
"Arthur Lira";"ARTHUR LIRA";"PP";"AL";"deputado"
"Arthur Oliveira Maia";"ARTHUR OLIVEIRA MAIA";"UNIÃO";"BA";"deputado"
"Átila Lins";"ATILA LINS";"PSD";"AM";"deputado"
"Átila Lira";"ATILA LIRA";"PP";"PI";"deputado"
"Augusto Coutinho";"AUGUSTO COUTINHO";"REPUBLICANOS";"PE";"deputado"
"Augusto Puppio";"AUGUSTO PUPPIO";"MDB";"AP";"deputado"
"Aureo Ribeiro";"AUREO RIBEIRO";"SOLIDARIEDADE";"RJ";"deputado"
"Bacelar";"BACELAR";"PV";"BA";"deputado"
"Baleia Rossi";"BALEIA ROSSI";"MDB";"SP";"deputado"
"Bandeira De Mello";"BANDEIRA MELLO";"PSB";"RJ";"deputado"
"Bebeto";"BEBETO";"PP";"RJ";"deputado"
"Benedita Da Silva";"BENEDITA SILVA";"PT";"RJ";"deputado"
"Benes Leocádio";"BENES LEOCADIO";"UNIÃO";"RN";"deputado"
"Beto Pereira";"BETO PEREIRA";"PSDB";"MS";"deputado"
"Beto Richa";"BETO RICHA";"PSDB";"PR";"deputado"
"Bia Kicis";"BIA KICIS";"PL";"DF";"deputado"
"Bibo Nunes";"BIBO NUNES";"PL";"RS";"deputado"
"Bohn Gass";"BOHN GASS";"PT";"RS";"deputado"
"Bruno Farias";"BRUNO FARIAS";"AVANTE";"MG";"deputado"
"Bruno Ganem";"BRUNO GANEM";"PODE";"SP";"deputado"
"Cabo Gilberto Silva";"CABO GILBERTO SILVA";"PL";"PB";"deputado"
"Camila Jara";"CAMILA JARA";"PT";"MS";"deputado"
"Capitão Alberto Neto";"ALBERTO NETO";"PL";"AM";"deputado"
"Capitão Alden";"ALDEN";"PL";"BA";"deputado"
"Capitão Augusto";"AUGUSTO";"PL";"SP";"deputado"
"Carla Dickson";"CARLA DICKSON";"UNIÃO";"RN";"deputado"
"Carla Zambelli";"CARLA ZAMBELLI";"PL";"SP";"deputado"
"Carlos Chiodini";"CARLOS CHIODINI";"MDB";"SC";"deputado"
"Carlos Henrique Gaguim";"CARLOS HENRIQUE GAGUIM";"UNIÃO";"TO";"deputado"
"Carlos Jordy";"CARLOS JORDY";"PL";"RJ";"deputado"
"Carlos Sampaio";"CARLOS SAMPAIO";"PSD";"SP";"deputado"
"Carlos Veras";"CARLOS VERAS";"PT";"PE";"deputado"
"Carlos Zarattini";"CARLOS ZARATTINI";"PT";"SP";"deputado"
"Carol Dartora";"CAROL DARTORA";"PT";"PR";"deputado"
"Caroline De Toni";"CAROLINE TONI";"PL";"SC";"deputado"
"Castro Neto";"CASTRO NETO";"PSD";"PI";"deputado"
"Célia Xakriabá";"CELIA XAKRIABA";"PSOL";"MG";"deputado"
"Célio Silveira";"CELIO SILVEIRA";"MDB";"GO";"deputado"
"Célio Studart";"CELIO STUDART";"PSD";"CE";"deputado"
"Celso Russomanno";"CELSO RUSSOMANNO";"REPUBLICANOS";"SP";"deputado"
"Cezinha De Madureira";"CEZINHA MADUREIRA";"PSD";"SP";"deputado"
"Charles Fernandes";"CHARLES FERNANDES";"PSD";"BA";"deputado"
"Chico Alencar";"CHICO ALENCAR";"PSOL";"RJ";"deputado"
"Chiquinho Brazão";"CHIQUINHO BRAZAO";"S.PART.";"RJ";"deputado"
"Chris Tonietto";"CHRIS TONIETTO";"PL";"RJ";"deputado"
"Clarissa Tércio";"CLARISSA TERCIO";"PP";"PE";"deputado"
"Claudio Cajado";"CLAUDIO CAJADO";"PP";"BA";"deputado"
"Cleber Verde";"CLEBER VERDE";"MDB";"MA";"deputado"
"Clodoaldo Magalhães";"CLODOALDO MAGALHAES";"PV";"PE";"deputado"
"Cobalchini";"COBALCHINI";"MDB";"SC";"deputado"
"Coronel Assis";"ASSIS";"UNIÃO";"MT";"deputado"
"Coronel Chrisóstomo";"CHRISOSTOMO";"PL";"RO";"deputado"
"Coronel Fernanda";"FERNANDA";"PL";"MT";"deputado"
"Coronel Meira";"MEIRA";"PL";"PE";"deputado"
"Coronel Ulysses";"ULYSSES";"UNIÃO";"AC";"deputado"
"Covatti Filho";"COVATTI FILHO";"PP";"RS";"deputado"
"Cristiane Lopes";"CRISTIANE LOPES";"UNIÃO";"RO";"deputado"
"Da Vitoria";"VITORIA";"PP";"ES";"deputado"
"Dagoberto Nogueira";"DAGOBERTO NOGUEIRA";"PSDB";"MS";"deputado"
"Daiana Santos";"DAIANA SANTOS";"PCdoB";"RS";"deputado"
"Dal Barreto";"DAL BARRETO";"UNIÃO";"BA";"deputado"
"Damião Feliciano";"DAMIAO FELICIANO";"UNIÃO";"PB";"deputado"
"Dandara";"DANDARA";"PT";"MG";"deputado"
"Dani Cunha";"DANI CUNHA";"UNIÃO";"RJ";"deputado"
"Daniel Agrobom";"DANIEL AGROBOM";"PL";"GO";"deputado"
"Daniel Almeida";"DANIEL ALMEIDA";"PCdoB";"BA";"deputado"
"Daniel Barbosa";"DANIEL BARBOSA";"PP";"AL";"deputado"
"Daniel Freitas";"DANIEL FREITAS";"PL";"SC";"deputado"
"Daniel Trzeciak";"DANIEL TRZECIAK";"PSDB";"RS";"deputado"
"Daniela Do Waguinho";"DANIELA WAGUINHO";"UNIÃO";"RJ";"deputado"
"Daniela Reinehr";"DANIELA REINEHR";"PL";"SC";"deputado"
"Danilo Forte";"DANILO FORTE";"UNIÃO";"CE";"deputado"
"Danrlei De Deus Hinterholz";"DANRLEI DEUS HINTERHOLZ";"PSD";"RS";"deputado"
"David Soares";"DAVID SOARES";"UNIÃO";"SP";"deputado"
"Dayany Bittencourt";"DAYANY BITTENCOURT";"UNIÃO";"CE";"deputado"
"Defensor Stélio Dener";"DEFENSOR STELIO DENER";"REPUBLICANOS";"RR";"deputado"
"Delegada Adriana Accorsi";"ADRIANA ACCORSI";"PT";"GO";"deputado"
"Delegada Ione";"IONE";"AVANTE";"MG";"deputado"
"Delegada Katarina";"KATARINA";"PSD";"SE";"deputado"
"Delegado Bruno Lima";"BRUNO LIMA";"PP";"SP";"deputado"
"Delegado Caveira";"CAVEIRA";"PL";"PA";"deputado"
"Delegado Da Cunha";"CUNHA";"PP";"SP";"deputado"
"Delegado Éder Mauro";"EDER MAURO";"PL";"PA";"deputado"
"Delegado Fabio Costa";"FABIO COSTA";"PP";"AL";"deputado"
"Delegado Marcelo Freitas";"MARCELO FREITAS";"UNIÃO";"MG";"deputado"
"Delegado Matheus Laiola";"MATHEUS LAIOLA";"UNIÃO";"PR";"deputado"
"Delegado Palumbo";"PALUMBO";"MDB";"SP";"deputado"
"Delegado Paulo Bilynskyj";"PAULO BILYNSKYJ";"PL";"SP";"deputado"
"Delegado Ramagem";"RAMAGEM";"PL";"RJ";"deputado"
"Denise Pessôa";"DENISE PESSOA";"PT";"RS";"deputado"
"Detinha";"DETINHA";"PL";"MA";"deputado"
"Diego Andrade";"DIEGO ANDRADE";"PSD";"MG";"deputado"
"Diego Coronel";"DIEGO";"PSD";"BA";"deputado"
"Diego Garcia";"DIEGO GARCIA";"REPUBLICANOS";"PR";"deputado"
"Dilceu Sperafico";"DILCEU SPERAFICO";"PP";"PR";"deputado"
"Dilvanda Faro";"DILVANDA FARO";"PT";"PA";"deputado"
"Dimas Fabiano";"DIMAS FABIANO";"PP";"MG";"deputado"
"Dimas Gadelha";"DIMAS GADELHA";"PT";"RJ";"deputado"
"Domingos Neto";"DOMINGOS NETO";"PSD";"CE";"deputado"
"Domingos Sávio";"DOMINGOS SAVIO";"PL";"MG";"deputado"
"Dorinaldo Malafaia";"DORINALDO MALAFAIA";"PDT";"AP";"deputado"
"Doutor Luizinho";"LUIZINHO";"PP";"RJ";"deputado"
"Dr. Fernando Máximo";"FERNANDO MAXIMO";"UNIÃO";"RO";"deputado"
"Dr. Francisco";"FRANCISCO";"PT";"PI";"deputado"
"Dr. Frederico";"FREDERICO";"PRD";"MG";"deputado"
"Dr. Jaziel";"JAZIEL";"PL";"CE";"deputado"
"Dr. Luiz Ovando";"LUIZ OVANDO";"PP";"MS";"deputado"
"Dr. Victor Linhalis";"VICTOR LINHALIS";"PODE";"ES";"deputado"
"Dr. Zacharias Calil";"ZACHARIAS CALIL";"UNIÃO";"GO";"deputado"
"Dra. Alessandra Haber";"ALESSANDRA HABER";"MDB";"PA";"deputado"
"Dra. Mayra Pinheiro";"MAYRA PINHEIRO";"PL";"CE";"deputado"
"Duarte Jr.";"DUARTE";"PSB";"MA";"deputado"
"Duda Ramos";"DUDA RAMOS";"MDB";"RR";"deputado"
"Duda Salabert";"DUDA SALABERT";"PDT";"MG";"deputado"
"Eduardo Bolsonaro";"EDUARDO BOLSONARO";"PL";"SP";"deputado"
"Eduardo Da Fonte";"EDUARDO FONTE";"PP";"PE";"deputado"
"Eduardo Velloso";"EDUARDO VELLOSO";"UNIÃO";"AC";"deputado"
"Elcione Barbalho";"ELCIONE BARBALHO";"MDB";"PA";"deputado"
"Eli Borges";"ELI BORGES";"PL";"TO";"deputado"
"Elmar Nascimento";"ELMAR NASCIMENTO";"UNIÃO";"BA";"deputado"
"Ely Santos";"ELY SANTOS";"REPUBLICANOS";"SP";"deputado"
"Emanuel Pinheiro Neto";"EMANUEL PINHEIRO NETO";"MDB";"MT";"deputado"
"Emidinho Madeira";"EMIDINHO MADEIRA";"PL";"MG";"deputado"
"Enfermeira Ana Paula";"ENFERMEIRA ANA PAULA";"PDT";"CE";"deputado"
"Enfermeira Rejane";"ENFERMEIRA REJANE";"PCdoB";"RJ";"deputado"
"Eriberto Medeiros";"ERIBERTO MEDEIROS";"PSB";"PE";"deputado"
"Erika Hilton";"ERIKA HILTON";"PSOL";"SP";"deputado"
"Erika Kokay";"ERIKA KOKAY";"PT";"DF";"deputado"
"Eros Biondini";"EROS BIONDINI";"PL";"MG";"deputado"
"Euclydes Pettersen";"EUCLYDES PETTERSEN";"REPUBLICANOS";"MG";"deputado"
"Eunício Oliveira";"EUNICIO OLIVEIRA";"MDB";"CE";"deputado"
"Evair Vieira De Melo";"EVAIR VIEIRA MELO";"PP";"ES";"deputado"
"Fábio Macedo";"FABIO MACEDO";"PODE";"MA";"deputado"
"Fabio Schiochet";"FABIO SCHIOCHET";"UNIÃO";"SC";"deputado"
"Fábio Teruel";"FABIO TERUEL";"MDB";"SP";"deputado"
"Fausto Pinato";"FAUSTO PINATO";"PP";"SP";"deputado"
"Fausto Santos Jr.";"FAUSTO SANTOS";"UNIÃO";"AM";"deputado"
"Felipe Becari";"FELIPE BECARI";"UNIÃO";"SP";"deputado"
"Felipe Carreras";"FELIPE CARRERAS";"PSB";"PE";"deputado"
"Felipe Francischini";"FELIPE FRANCISCHINI";"UNIÃO";"PR";"deputado"
"Félix Mendonça Júnior";"FELIX MENDONCA";"PDT";"BA";"deputado"
"Fernanda Melchionna";"FERNANDA MELCHIONNA";"PSOL";"RS";"deputado"
"Fernanda Pessoa";"FERNANDA PESSOA";"UNIÃO";"CE";"deputado"
"Fernando Coelho Filho";"FERNANDO COELHO FILHO";"UNIÃO";"PE";"deputado"
"Fernando Mineiro";"FERNANDO MINEIRO";"PT";"RN";"deputado"
"Fernando Monteiro";"FERNANDO MONTEIRO";"PP";"PE";"deputado"
"Fernando Rodolfo";"FERNANDO RODOLFO";"PL";"PE";"deputado"
"Filipe Barros";"FILIPE BARROS";"PL";"PR";"deputado"
"Filipe Martins";"FILIPE MARTINS";"PL";"TO";"deputado"
"Flávia Morais";"FLAVIA MORAIS";"PDT";"GO";"deputado"
"Flávio Nogueira";"FLAVIO NOGUEIRA";"PT";"PI";"deputado"
"Florentino Neto";"FLORENTINO NETO";"PT";"PI";"deputado"
"Franciane Bayer";"FRANCIANE BAYER";"REPUBLICANOS";"RS";"deputado"
"Fred Costa";"FRED COSTA";"PRD";"MG";"deputado"
"Fred Linhares";"FRED LINHARES";"REPUBLICANOS";"DF";"deputado"
"Gabriel Mota";"GABRIEL MOTA";"REPUBLICANOS";"RR";"deputado"
"Gabriel Nunes";"GABRIEL NUNES";"PSD";"BA";"deputado"
"General Girão";"GIRAO";"PL";"RN";"deputado"
"General Pazuello";"PAZUELLO";"PL";"RJ";"deputado"
"Geovania De Sá";"GEOVANIA SA";"PSDB";"SC";"deputado"
"Geraldo Mendes";"GERALDO MENDES";"UNIÃO";"PR";"deputado"
"Geraldo Resende";"GERALDO RESENDE";"PSDB";"MS";"deputado"
"Gervásio Maia";"GERVASIO MAIA";"PSB";"PB";"deputado"
"Giacobo";"GIACOBO";"PL";"PR";"deputado"
"Gilberto Abramo";"GILBERTO ABRAMO";"REPUBLICANOS";"MG";"deputado"
"Gilberto Nascimento";"GILBERTO NASCIMENTO";"PSD";"SP";"deputado"
"Gilson Daniel";"GILSON DANIEL";"PODE";"ES";"deputado"
"Gilson Marques";"GILSON MARQUES";"NOVO";"SC";"deputado"
"Gilvan Da Federal";"GILVAN FEDERAL";"PL";"ES";"deputado"
"Gilvan Maximo";"GILVAN MAXIMO";"REPUBLICANOS";"DF";"deputado"
"Giovani Cherini";"GIOVANI CHERINI";"PL";"RS";"deputado"
"Gisela Simona";"GISELA SIMONA";"UNIÃO";"MT";"deputado"
"Glauber Braga";"GLAUBER BRAGA";"PSOL";"RJ";"deputado"
"Glaustin Da Fokus";"GLAUSTIN FOKUS";"PODE";"GO";"deputado"
"Gleisi Hoffmann";"GLEISI HOFFMANN";"PT";"PR";"deputado"
"Greyce Elias";"GREYCE ELIAS";"AVANTE";"MG";"deputado"
"Guilherme Boulos";"GUILHERME BOULOS";"PSOL";"SP";"deputado"
"Guilherme Uchoa";"GUILHERME UCHOA";"PSB";"PE";"deputado"
"Gustavo Gayer";"GUSTAVO GAYER";"PL";"GO";"deputado"
"Gustinho Ribeiro";"GUSTINHO RIBEIRO";"REPUBLICANOS";"SE";"deputado"
"Gutemberg Reis";"GUTEMBERG REIS";"MDB";"RJ";"deputado"
"Heitor Schuch";"HEITOR SCHUCH";"PSB";"RS";"deputado"
"Helder Salomão";"HELDER SALOMAO";"PT";"ES";"deputado"
"Helena Lima";"HELENA LIMA";"MDB";"RR";"deputado"
"Helio Lopes";"HELIO LOPES";"PL";"RJ";"deputado"
"Henderson Pinto";"HENDERSON PINTO";"MDB";"PA";"deputado"
"Hercílio Coelho Diniz";"HERCILIO COELHO DINIZ";"MDB";"MG";"deputado"
"Hugo Leal";"HUGO LEAL";"PSD";"RJ";"deputado"
"Hugo Motta";"HUGO MOTTA";"REPUBLICANOS";"PB";"deputado"
"Icaro De Valmir";"ICARO VALMIR";"PL";"SE";"deputado"
"Igor Timo";"IGOR TIMO";"PSD";"MG";"deputado"
"Ismael";"ISMAEL";"PSD";"SC";"deputado"
"Ismael Alexandrino";"ISMAEL ALEXANDRINO";"PSD";"GO";"deputado"
"Isnaldo Bulhões Jr.";"ISNALDO BULHOES";"MDB";"AL";"deputado"
"Ivan Junior";"IVAN";"UNIÃO";"MA";"deputado"
"Ivan Valente";"IVAN VALENTE";"PSOL";"SP";"deputado"
"Ivoneide Caetano";"IVONEIDE CAETANO";"PT";"BA";"deputado"
"Iza Arruda";"IZA ARRUDA";"MDB";"PE";"deputado"
"Jack Rocha";"JACK ROCHA";"PT";"ES";"deputado"
"Jadyel Alencar";"JADYEL ALENCAR";"REPUBLICANOS";"PI";"deputado"
"Jandira Feghali";"JANDIRA FEGHALI";"PCdoB";"RJ";"deputado"
"Jeferson Rodrigues";"JEFERSON RODRIGUES";"REPUBLICANOS";"GO";"deputado"
"Jefferson Campos";"JEFFERSON CAMPOS";"PL";"SP";"deputado"
"Jilmar Tatto";"JILMAR TATTO";"PT";"SP";"deputado"
"João Carlos Bacelar";"JOAO CARLOS BACELAR";"PL";"BA";"deputado"
"João Cury";"JOAO CURY";"MDB";"SP";"deputado"
"João Daniel";"JOAO DANIEL";"PT";"SE";"deputado"
"João Leão";"JOAO LEAO";"PP";"BA";"deputado"
"João Maia";"JOAO MAIA";"PP";"RN";"deputado"
"Joaquim Passarinho";"JOAQUIM PASSARINHO";"PL";"PA";"deputado"
"Jonas Donizette";"JONAS DONIZETTE";"PSB";"SP";"deputado"
"Jorge Braz";"JORGE BRAZ";"REPUBLICANOS";"RJ";"deputado"
"Jorge Goetten";"JORGE GOETTEN";"REPUBLICANOS";"SC";"deputado"
"Jorge Solla";"JORGE SOLLA";"PT";"BA";"deputado"
"José Airton Félix Cirilo";"JOSE AIRTON FELIX CIRILO";"PT";"CE";"deputado"
"José Guimarães";"JOSE GUIMARAES";"PT";"CE";"deputado"
"José Medeiros";"JOSE MEDEIROS";"PL";"MT";"deputado"
"José Nelto";"JOSE NELTO";"UNIÃO";"GO";"deputado"
"José Priante";"JOSE PRIANTE";"MDB";"PA";"deputado"
"José Rocha";"JOSE ROCHA";"UNIÃO";"BA";"deputado"
"Joseildo Ramos";"JOSEILDO RAMOS";"PT";"BA";"deputado"
"Josenildo";"JOSENILDO";"PDT";"AP";"deputado"
"Josias Gomes";"JOSIAS GOMES";"PT";"BA";"deputado"
"Josimar Maranhãozinho";"JOSIMAR MARANHAOZINHO";"PL";"MA";"deputado"
"Josivaldo Jp";"JOSIVALDO JP";"PSD";"MA";"deputado"
"Juarez Costa";"JUAREZ COSTA";"MDB";"MT";"deputado"
"Julia Zanatta";"JULIA ZANATTA";"PL";"SC";"deputado"
"Juliana Cardoso";"JULIANA CARDOSO";"PT";"SP";"deputado"
"Julio Arcoverde";"JULIO ARCOVERDE";"PP";"PI";"deputado"
"Júlio Cesar";"JULIO CESAR";"PSD";"PI";"deputado"
"Julio Cesar Ribeiro";"JULIO CESAR RIBEIRO";"REPUBLICANOS";"DF";"deputado"
"Julio Lopes";"JULIO LOPES";"PP";"RJ";"deputado"
"Juninho Do Pneu";"JUNINHO PNEU";"UNIÃO";"RJ";"deputado"
"Junio Amaral";"JUNIO AMARAL";"PL";"MG";"deputado"
"Júnior Ferrari";"FERRARI";"PSD";"PA";"deputado"
"Junior Lourenço";"LOURENCO";"PL";"MA";"deputado"
"Keniston Braga";"KENISTON BRAGA";"MDB";"PA";"deputado"
"Kiko Celeguim";"KIKO CELEGUIM";"PT";"SP";"deputado"
"Kim Kataguiri";"KIM KATAGUIRI";"UNIÃO";"SP";"deputado"
"Lafayette De Andrada";"LAFAYETTE ANDRADA";"REPUBLICANOS";"MG";"deputado"
"Laura Carneiro";"LAURA CARNEIRO";"PSD";"RJ";"deputado"
"Lázaro Botelho";"LAZARO BOTELHO";"PP";"TO";"deputado"
"Lebrão";"LEBRAO";"UNIÃO";"RO";"deputado"
"Lêda Borges";"LEDA BORGES";"PSDB";"GO";"deputado"
"Leo Prates";"LEO PRATES";"PDT";"BA";"deputado"
"Leonardo Monteiro";"LEONARDO MONTEIRO";"PT";"MG";"deputado"
"Leônidas Cristino";"LEONIDAS CRISTINO";"PDT";"CE";"deputado"
"Leur Lomanto Júnior";"LEUR LOMANTO";"UNIÃO";"BA";"deputado"
"Lídice Da Mata";"LIDICE MATA";"PSB";"BA";"deputado"
"Lincoln Portela";"LINCOLN PORTELA";"PL";"MG";"deputado"
"Lindbergh Farias";"LINDBERGH FARIAS";"PT";"RJ";"deputado"
"Lucas Ramos";"LUCAS RAMOS";"PSB";"PE";"deputado"
"Lucas Redecker";"LUCAS REDECKER";"PSDB";"RS";"deputado"
"Luciano Alves";"LUCIANO ALVES";"PSD";"PR";"deputado"
"Luciano Amaral";"LUCIANO AMARAL";"PV";"AL";"deputado"
"Luciano Bivar";"LUCIANO BIVAR";"UNIÃO";"PE";"deputado"
"Luciano Ducci";"LUCIANO DUCCI";"PSB";"PR";"deputado"
"Luciano Vieira";"LUCIANO VIEIRA";"REPUBLICANOS";"RJ";"deputado"
"Lucio Mosquini";"LUCIO MOSQUINI";"MDB";"RO";"deputado"
"Luis Carlos Gomes";"LUIS CARLOS GOMES";"REPUBLICANOS";"RJ";"deputado"
"Luis Tibé";"LUIS TIBE";"AVANTE";"MG";"deputado"
"Luisa Canziani";"LUISA CANZIANI";"PSD";"PR";"deputado"
"Luiz Carlos Busato";"LUIZ CARLOS BUSATO";"UNIÃO";"RS";"deputado"
"Luiz Carlos Hauly";"LUIZ CARLOS HAULY";"PODE";"PR";"deputado"
"Luiz Carlos Motta";"LUIZ CARLOS MOTTA";"PL";"SP";"deputado"
"Luiz Couto";"LUIZ COUTO";"PT";"PB";"deputado"
"Luiz Fernando Faria";"LUIZ FERNANDO FARIA";"PSD";"MG";"deputado"
"Luiz Gastão";"LUIZ GASTAO";"PSD";"CE";"deputado"
"Luiz Lima";"LUIZ LIMA";"PL";"RJ";"deputado"
"Luiz Nishimori";"LUIZ NISHIMORI";"PSD";"PR";"deputado"
"Luiz Philippe De Orleans E Bragança";"LUIZ PHILIPPE ORLEANS E BRAGANCA";"PL";"SP";"deputado"
"Luiza Erundina";"LUIZA ERUNDINA";"PSOL";"SP";"deputado"
"Luizianne Lins";"LUIZIANNE LINS";"PT";"CE";"deputado"
"Lula Da Fonte";"LULA FONTE";"PP";"PE";"deputado"
"Magda Mofatto";"MAGDA MOFATTO";"PRD";"GO";"deputado"
"Marangoni";"MARANGONI";"UNIÃO";"SP";"deputado"
"Marcel Van Hattem";"MARCEL VAN HATTEM";"NOVO";"RS";"deputado"
"Marcelo Álvaro Antônio";"MARCELO ALVARO ANTONIO";"PL";"MG";"deputado"
"Marcelo Calero";"MARCELO CALERO";"PSD";"RJ";"deputado"
"Marcelo Crivella";"MARCELO CRIVELLA";"REPUBLICANOS";"RJ";"deputado"
"Marcelo Moraes";"MARCELO MORAES";"PL";"RS";"deputado"
"Marcelo Queiroz";"MARCELO QUEIROZ";"PP";"RJ";"deputado"
"Marcio Alvino";"MARCIO ALVINO";"PL";"SP";"deputado"
"Márcio Biolchi";"MARCIO BIOLCHI";"MDB";"RS";"deputado"
"Márcio Honaiser";"MARCIO HONAISER";"PDT";"MA";"deputado"
"Márcio Jerry";"MARCIO JERRY";"PCdoB";"MA";"deputado"
"Márcio Marinho";"MARCIO MARINHO";"REPUBLICANOS";"BA";"deputado"
"Marco Brasil";"MARCO BRASIL";"PP";"PR";"deputado"
"Marcon";"MARCON";"PT";"RS";"deputado"
"Marcos Aurélio Sampaio";"MARCOS AURELIO SAMPAIO";"PSD";"PI";"deputado"
"Marcos Pereira";"MARCOS PEREIRA";"REPUBLICANOS";"SP";"deputado"
"Marcos Pollon";"MARCOS POLLON";"PL";"MS";"deputado"
"Marcos Soares";"MARCOS SOARES";"UNIÃO";"RJ";"deputado"
"Marcos Tavares";"MARCOS TAVARES";"PDT";"RJ";"deputado"
"Maria Arraes";"MARIA ARRAES";"SOLIDARIEDADE";"PE";"deputado"
"Maria Do Rosário";"MARIA ROSARIO";"PT";"RS";"deputado"
"Maria Rosas";"MARIA ROSAS";"REPUBLICANOS";"SP";"deputado"
"Mario Frias";"MARIO FRIAS";"PL";"SP";"deputado"
"Mário Heringer";"MARIO HERINGER";"PDT";"MG";"deputado"
"Mário Negromonte Jr.";"MARIO NEGROMONTE";"PP";"BA";"deputado"
"Marreca Filho";"MARRECA FILHO";"PRD";"MA";"deputado"
"Marussa Boldrin";"MARUSSA BOLDRIN";"MDB";"GO";"deputado"
"Marx Beltrão";"MARX BELTRAO";"PP";"AL";"deputado"
"Matheus Noronha";"MATHEUS NORONHA";"PL";"CE";"deputado"
"Maurício Carvalho";"MAURICIO CARVALHO";"UNIÃO";"RO";"deputado"
"Mauricio Do Vôlei";"MAURICIO VOLEI";"PL";"MG";"deputado"
"Mauricio Marcon";"MAURICIO MARCON";"PODE";"RS";"deputado"
"Mauricio Neves";"MAURICIO NEVES";"PP";"SP";"deputado"
"Mauro Benevides Filho";"MAURO BENEVIDES FILHO";"PDT";"CE";"deputado"
"Max Lemos";"MAX LEMOS";"PDT";"RJ";"deputado"
"Meire Serafim";"MEIRE SERAFIM";"UNIÃO";"AC";"deputado"
"Mendonça Filho";"MENDONCA FILHO";"UNIÃO";"PE";"deputado"
"Merlong Solano";"MERLONG SOLANO";"PT";"PI";"deputado"
"Mersinho Lucena";"MERSINHO LUCENA";"PP";"PB";"deputado"
"Messias Donato";"MESSIAS DONATO";"REPUBLICANOS";"ES";"deputado"
"Miguel Ângelo";"MIGUEL ANGELO";"PT";"MG";"deputado"
"Miguel Lombardi";"MIGUEL LOMBARDI";"PL";"SP";"deputado"
"Misael Varella";"MISAEL VARELLA";"PSD";"MG";"deputado"
"Moses Rodrigues";"MOSES RODRIGUES";"UNIÃO";"CE";"deputado"
"Murillo Gouvea";"MURILLO GOUVEA";"UNIÃO";"RJ";"deputado"
"Murilo Galdino";"MURILO GALDINO";"REPUBLICANOS";"PB";"deputado"
"Natália Bonavides";"NATALIA BONAVIDES";"PT";"RN";"deputado"
"Nelson Barbudo";"NELSON BARBUDO";"PL";"MT";"deputado"
"Nely Aquino";"NELY AQUINO";"PODE";"MG";"deputado"
"Neto Carletto";"NETO CARLETTO";"PP";"BA";"deputado"
"Newton Cardoso Jr";"NEWTON CARDOSO";"MDB";"MG";"deputado"
"Nicoletti";"NICOLETTI";"UNIÃO";"RR";"deputado"
"Nikolas Ferreira";"NIKOLAS FERREIRA";"PL";"MG";"deputado"
"Nilto Tatto";"NILTO TATTO";"PT";"SP";"deputado"
"Nitinho";"NITINHO";"PSD";"SE";"deputado"
"Odair Cunha";"ODAIR CUNHA";"PT";"MG";"deputado"
"Olival Marques";"OLIVAL MARQUES";"MDB";"PA";"deputado"
"Orlando Silva";"ORLANDO SILVA";"PCdoB";"SP";"deputado"
"Osmar Terra";"OSMAR TERRA";"MDB";"RS";"deputado"
"Ossesio Silva";"OSSESIO SILVA";"REPUBLICANOS";"PE";"deputado"
"Otoni De Paula";"OTONI PAULA";"MDB";"RJ";"deputado"
"Otto Alencar Filho";"OTTO ALENCAR FILHO";"PSD";"BA";"deputado"
"Padovani";"PADOVANI";"UNIÃO";"PR";"deputado"
"Padre João";"PADRE JOAO";"PT";"MG";"deputado"
"Pastor Claudio Mariano";"CLAUDIO MARIANO";"UNIÃO";"PA";"deputado"
"Pastor Diniz";"DINIZ";"UNIÃO";"RR";"deputado"
"Pastor Eurico";"EURICO";"PL";"PE";"deputado"
"Pastor Gil";"GIL";"PL";"MA";"deputado"
"Pastor Henrique Vieira";"HENRIQUE VIEIRA";"PSOL";"RJ";"deputado"
"Pastor Sargento Isidório";"ISIDORIO";"AVANTE";"BA";"deputado"
"Patrus Ananias";"PATRUS ANANIAS";"PT";"MG";"deputado"
"Pauderney Avelino";"PAUDERNEY AVELINO";"UNIÃO";"AM";"deputado"
"Paulão";"PAULAO";"PT";"AL";"deputado"
"Paulinho Da Força";"PAULINHO FORCA";"SOLIDARIEDADE";"SP";"deputado"
"Paulo Abi-Ackel";"PAULO ABI-ACKEL";"PSDB";"MG";"deputado"
"Paulo Alexandre Barbosa";"PAULO ALEXANDRE BARBOSA";"PSDB";"SP";"deputado"
"Paulo Azi";"PAULO AZI";"UNIÃO";"BA";"deputado"
"Paulo Folletto";"PAULO FOLLETTO";"PSB";"ES";"deputado"
"Paulo Freire Costa";"PAULO FREIRE COSTA";"PL";"SP";"deputado"
"Paulo Guedes";"PAULO GUEDES";"PT";"MG";"deputado"
"Paulo Litro";"PAULO LITRO";"PSD";"PR";"deputado"
"Paulo Magalhães";"PAULO MAGALHAES";"PSD";"BA";"deputado"
"Pedro Aihara";"PEDRO AIHARA";"PRD";"MG";"deputado"
"Pedro Campos";"PEDRO CAMPOS";"PSB";"PE";"deputado"
"Pedro Lucas Fernandes";"PEDRO LUCAS FERNANDES";"UNIÃO";"MA";"deputado"
"Pedro Lupion";"PEDRO LUPION";"PP";"PR";"deputado"
"Pedro Paulo";"PEDRO PAULO";"PSD";"RJ";"deputado"
"Pedro Uczai";"PEDRO UCZAI";"PT";"SC";"deputado"
"Pedro Westphalen";"PEDRO WESTPHALEN";"PP";"RS";"deputado"
"Pezenti";"PEZENTI";"MDB";"SC";"deputado"
"Pinheirinho";"PINHEIRINHO";"PP";"MG";"deputado"
"Pompeo De Mattos";"POMPEO MATTOS";"PDT";"RS";"deputado"
"Pr. Marco Feliciano";"MARCO FELICIANO";"PL";"SP";"deputado"
"Prof. Reginaldo Veras";"REGINALDO VERAS";"PV";"DF";"deputado"
"Professor Alcides";"ALCIDES";"PL";"GO";"deputado"
"Professora Goreth";"GORETH";"PDT";"AP";"deputado"
"Professora Luciene Cavalcante";"LUCIENE CAVALCANTE";"PSOL";"SP";"deputado"
"Rafael Brito";"RAFAEL BRITO";"MDB";"AL";"deputado"
"Rafael Prudente";"RAFAEL PRUDENTE";"MDB";"DF";"deputado"
"Rafael Simoes";"RAFAEL SIMOES";"UNIÃO";"MG";"deputado"
"Raimundo Costa";"RAIMUNDO COSTA";"PODE";"BA";"deputado"
"Raimundo Santos";"RAIMUNDO SANTOS";"PSD";"PA";"deputado"
"Reginaldo Lopes";"REGINALDO LOPES";"PT";"MG";"deputado"
"Reginete Bispo";"REGINETE BISPO";"PT";"RS";"deputado"
"Reimont";"REIMONT";"PT";"RJ";"deputado"
"Reinhold Stephanes";"REINHOLD STEPHANES";"PSD";"PR";"deputado"
"Renata Abreu";"RENATA ABREU";"PODE";"SP";"deputado"
"Renilce Nicodemos";"RENILCE NICODEMOS";"MDB";"PA";"deputado"
"Renildo Calheiros";"RENILDO CALHEIROS";"PCdoB";"PE";"deputado"
"Ribamar Silva";"RIBAMAR SILVA";"PSD";"SP";"deputado"
"Ricardo Ayres";"RICARDO AYRES";"REPUBLICANOS";"TO";"deputado"
"Ricardo Guidi";"RICARDO GUIDI";"PL";"SC";"deputado"
"Ricardo Maia";"RICARDO MAIA";"MDB";"BA";"deputado"
"Ricardo Salles";"RICARDO SALLES";"NOVO";"SP";"deputado"
"Robério Monteiro";"ROBERIO MONTEIRO";"PDT";"CE";"deputado"
"Roberta Roma";"ROBERTA ROMA";"PL";"BA";"deputado"
"Roberto Duarte";"ROBERTO DUARTE";"REPUBLICANOS";"AC";"deputado"
"Roberto Monteiro Pai";"ROBERTO MONTEIRO PAI";"PL";"RJ";"deputado"
"Robinson Faria";"ROBINSON FARIA";"PL";"RN";"deputado"
"Rodolfo Nogueira";"RODOLFO NOGUEIRA";"PL";"MS";"deputado"
"Rodrigo Da Zaeli";"RODRIGO ZAELI";"PL";"MT";"deputado"
"Rodrigo De Castro";"RODRIGO CASTRO";"UNIÃO";"MG";"deputado"
"Rodrigo Estacho";"RODRIGO ESTACHO";"PSD";"PR";"deputado"
"Rodrigo Gambale";"RODRIGO GAMBALE";"PODE";"SP";"deputado"
"Rodrigo Valadares";"RODRIGO VALADARES";"UNIÃO";"SE";"deputado"
"Rogéria Santos";"ROGERIA SANTOS";"REPUBLICANOS";"BA";"deputado"
"Rogério Correia";"ROGERIO CORREIA";"PT";"MG";"deputado"
"Romero Rodrigues";"ROMERO RODRIGUES";"PODE";"PB";"deputado"
"Ronaldo Nogueira";"RONALDO NOGUEIRA";"REPUBLICANOS";"RS";"deputado"
"Rosana Valle";"ROSANA VALLE";"PL";"SP";"deputado"
"Rosangela Moro";"ROSANGELA MORO";"UNIÃO";"SP";"deputado"
"Rosângela Reis";"ROSANGELA REIS";"PL";"MG";"deputado"
"Roseana Sarney";"ROSEANA SARNEY";"MDB";"MA";"deputado"
"Rubens Otoni";"RUBENS OTONI";"PT";"GO";"deputado"
"Rubens Pereira Júnior";"RUBENS PEREIRA";"PT";"MA";"deputado"
"Rui Falcão";"RUI FALCAO";"PT";"SP";"deputado"
"Ruy Carneiro";"RUY CARNEIRO";"PODE";"PB";"deputado"
"Sâmia Bomfim";"SAMIA BOMFIM";"PSOL";"SP";"deputado"
"Samuel Viana";"SAMUEL VIANA";"REPUBLICANOS";"MG";"deputado"
"Sanderson";"SANDERSON";"PL";"RS";"deputado"
"Sargento Fahur";"FAHUR";"PSD";"PR";"deputado"
"Sargento Gonçalves";"GONCALVES";"PL";"RN";"deputado"
"Sargento Portugal";"PORTUGAL";"PODE";"RJ";"deputado"
"Saulo Pedroso";"SAULO PEDROSO";"PSD";"SP";"deputado"
"Sergio Souza";"SERGIO SOUZA";"MDB";"PR";"deputado"
"Sidney Leite";"SIDNEY LEITE";"PSD";"AM";"deputado"
"Silas Câmara";"SILAS CAMARA";"REPUBLICANOS";"AM";"deputado"
"Silvia Cristina";"SILVIA CRISTINA";"PP";"RO";"deputado"
"Silvia Waiãpi";"SILVIA WAIAPI";"PL";"AP";"deputado"
"Silvye Alves";"SILVYE ALVES";"UNIÃO";"GO";"deputado"
"Simone Marquetto";"SIMONE MARQUETTO";"MDB";"SP";"deputado"
"Socorro Neri";"SOCORRO NERI";"PP";"AC";"deputado"
"Sonize Barbosa";"SONIZE BARBOSA";"PL";"AP";"deputado"
"Soraya Santos";"SORAYA SANTOS";"PL";"RJ";"deputado"
"Sóstenes Cavalcante";"SOSTENES CAVALCANTE";"PL";"RJ";"deputado"
"Stefano Aguiar";"STEFANO AGUIAR";"PSD";"MG";"deputado"
"Tabata Amaral";"TABATA AMARAL";"PSB";"SP";"deputado"
"Tadeu Veneri";"TADEU VENERI";"PT";"PR";"deputado"
"Talíria Petrone";"TALIRIA PETRONE";"PSOL";"RJ";"deputado"
"Tarcísio Motta";"TARCISIO MOTTA";"PSOL";"RJ";"deputado"
"Thiago De Joaldo";"THIAGO JOALDO";"PP";"SE";"deputado"
"Thiago Flores";"THIAGO FLORES";"REPUBLICANOS";"RO";"deputado"
"Tião Medeiros";"TIAO MEDEIROS";"PP";"PR";"deputado"
"Tiririca";"TIRIRICA";"PL";"SP";"deputado"
"Toninho Wandscheer";"TONINHO WANDSCHEER";"PP";"PR";"deputado"
"Túlio Gadêlha";"TULIO GADELHA";"REDE";"PE";"deputado"
"Valmir Assunção";"VALMIR ASSUNCAO";"PT";"BA";"deputado"
"Vander Loubet";"VANDER LOUBET";"PT";"MS";"deputado"
"Vermelho";"VERMELHO";"PL";"PR";"deputado"
"Vicentinho";"VICENTINHO";"PT";"SP";"deputado"
"Vicentinho Júnior";"VICENTINHO";"PP";"TO";"deputado"
"Vinicius Carvalho";"VINICIUS CARVALHO";"REPUBLICANOS";"SP";"deputado"
"Vinicius Gurgel";"VINICIUS GURGEL";"PL";"AP";"deputado"
"Vitor Lippi";"VITOR LIPPI";"PSDB";"SP";"deputado"
"Waldemar Oliveira";"WALDEMAR OLIVEIRA";"AVANTE";"PE";"deputado"
"Waldenor Pereira";"WALDENOR PEREIRA";"PT";"BA";"deputado"
"Weliton Prado";"WELITON PRADO";"SOLIDARIEDADE";"MG";"deputado"
"Wellington Roberto";"WELLINGTON ROBERTO";"PL";"PB";"deputado"
"Welter";"WELTER";"PT";"PR";"deputado"
"Wilson Santiago";"WILSON SANTIAGO";"REPUBLICANOS";"PB";"deputado"
"Yandra Moura";"YANDRA MOURA";"UNIÃO";"SE";"deputado"
"Yury Do Paredão";"YURY PAREDAO";"MDB";"CE";"deputado"
"Zé Adriano";"ZE ADRIANO";"PP";"AC";"deputado"
"Zé Haroldo Cathedral";"ZE HAROLDO CATHEDRAL";"PSD";"RR";"deputado"
"Zé Neto";"ZE NETO";"PT";"BA";"deputado"
"Zé Silva";"ZE SILVA";"SOLIDARIEDADE";"MG";"deputado"
"Zé Trovão";"ZE TROVAO";"PL";"SC";"deputado"
"Zé Vitor";"ZE VITOR";"PL";"MG";"deputado"
"Zeca Dirceu";"ZECA DIRCEU";"PT";"PR";"deputado"
"Zezinho Barbary";"ZEZINHO BARBARY";"PP";"AC";"deputado"
"Zucco";"ZUCCO";"PL";"RS";"deputado"
"Alan Rick";"ALAN RICK";"UNIÃO";"AC";"senador"
"Alessandro Vieira";"ALESSANDRO VIEIRA";"MDB";"SE";"senador"
"Ana Paula Lobato";"ANA PAULA LOBATO";"PDT";"MA";"senador"
"Angelo Coronel";"ANGELO";"PSD";"BA";"senador"
"Astronauta Marcos Pontes";"MARCOS PONTES";"PL";"SP";"senador"
"Augusta Brito";"AUGUSTA BRITO";"PT";"CE";"senador"
"Beto Faro";"BETO FARO";"PT";"PA";"senador"
"Carlos Portinho";"CARLOS PORTINHO";"PL";"RJ";"senador"
"Carlos Viana";"CARLOS VIANA";"PODEMOS";"MG";"senador"
"Chico Rodrigues";"CHICO RODRIGUES";"PSB";"RR";"senador"
"Cid Gomes";"CID GOMES";"PSB";"CE";"senador"
"Ciro Nogueira";"CIRO NOGUEIRA";"PP";"PI";"senador"
"Cleitinho";"CLEITINHO";"REPUBLICANOS";"MG";"senador"
"Confucio Moura";"CONFUCIO MOURA";"MDB";"RO";"senador"
"Damares Alves";"DAMARES ALVES";"REPUBLICANOS";"DF";"senador"
"Daniella Ribeiro";"DANIELLA RIBEIRO";"PSD";"PB";"senador"
"Davi Alcolumbre";"DAVI ALCOLUMBRE";"UNIÃO";"AP";"senador"
"Dr. Hiran";"HIRAN";"PP";"RR";"senador"
"Dra. Eudocia";"EUDOCIA";"PL";"AL";"senador"
"Eduardo Braga";"EDUARDO BRAGA";"MDB";"AM";"senador"
"Eduardo Girão";"EDUARDO GIRAO";"NOVO";"CE";"senador"
"Eduardo Gomes";"EDUARDO GOMES";"PL";"TO";"senador"
"Efraim Filho";"EFRAIM FILHO";"UNIÃO";"PB";"senador"
"Eliziane Gama";"ELIZIANE GAMA";"PSD";"MA";"senador"
"Esperidião Amin";"ESPERIDIAO AMIN";"PP";"SC";"senador"
"Fabiano Contarato";"FABIANO CONTARATO";"PT";"ES";"senador"
"Fernando Dueire";"FERNANDO DUEIRE";"MDB";"PE";"senador"
"Fernando Farias";"FERNANDO FARIAS";"MDB";"AL";"senador"
"Flávio Arns";"FLAVIO ARNS";"PSB";"PR";"senador"
"Flávio Bolsonaro";"FLAVIO BOLSONARO";"PL";"RJ";"senador"
"Giordano";"GIORDANO";"MDB";"SP";"senador"
"Hamilton Mourão";"HAMILTON MOURAO";"REPUBLICANOS";"RS";"senador"
"Humberto Costa";"HUMBERTO COSTA";"PT";"PE";"senador"
"Irajá";"IRAJA";"PSD";"TO";"senador"
"Ivete Da Silveira";"IVETE SILVEIRA";"MDB";"SC";"senador"
"Izalci Lucas";"IZALCI LUCAS";"PL";"DF";"senador"
"Jader Barbalho";"JADER BARBALHO";"MDB";"PA";"senador"
"Jaime Bagattoli";"JAIME BAGATTOLI";"PL";"RO";"senador"
"Jaques Wagner";"JAQUES WAGNER";"PT";"BA";"senador"
"Jayme Campos";"JAYME CAMPOS";"UNIÃO";"MT";"senador"
"Jorge Kajuru";"JORGE KAJURU";"PSB";"GO";"senador"
"Jorge Seif";"JORGE SEIF";"PL";"SC";"senador"
"Jussara Lima";"JUSSARA LIMA";"PSD";"PI";"senador"
"Laércio Oliveira";"LAERCIO OLIVEIRA";"PP";"SE";"senador"
"Leila Barros";"LEILA BARROS";"PDT";"DF";"senador"
"Lucas Barreto";"LUCAS BARRETO";"PSD";"AP";"senador"
"Luis Carlos Heinze";"LUIS CARLOS HEINZE";"PP";"RS";"senador"
"Magno Malta";"MAGNO MALTA";"PL";"ES";"senador"
"Mara Gabrilli";"MARA GABRILLI";"PSD";"SP";"senador"
"Marcelo Castro";"MARCELO CASTRO";"MDB";"PI";"senador"
"Marcio Bittar";"MARCIO BITTAR";"UNIÃO";"AC";"senador"
"Marcos Do Val";"MARCOS VAL";"PODEMOS";"ES";"senador"
"Marcos Rogério";"MARCOS ROGERIO";"PL";"RO";"senador"
"Margareth Buzetti";"MARGARETH BUZETTI";"PSD";"MT";"senador"
"Mecias De Jesus";"MECIAS JESUS";"REPUBLICANOS";"RR";"senador"
"Nelsinho Trad Filho";"NELSINHO TRAD FILHO";"PSD";"MS";"senador"
"Omar Aziz";"OMAR AZIZ";"PSD";"AM";"senador"
"Oriovisto Guimarães";"ORIOVISTO GUIMARAES";"PODEMOS";"PR";"senador"
"Otto Alencar";"OTTO ALENCAR";"PSD";"BA";"senador"
"Paulo Paim";"PAULO PAIM";"PT";"RS";"senador"
"Plínio Valério";"PLINIO VALERIO";"PSDB";"AM";"senador"
"Professora Dorinha Seabra";"DORINHA SEABRA";"UNIÃO";"TO";"senador"
"Randolfe Rodrigues";"RANDOLFE RODRIGUES";"PT";"AP";"senador"
"Renan Calheiros";"RENAN CALHEIROS";"MDB";"AL";"senador"
"Rodrigo Pacheco";"RODRIGO PACHECO";"PSD";"MG";"senador"
"Rogério Carvalho";"ROGERIO CARVALHO";"PT";"SE";"senador"
"Rogerio Marinho";"ROGERIO MARINHO";"PL";"RN";"senador"
"Romário";"ROMARIO";"PL";"RJ";"senador"
"Sergio Moro";"SERGIO MORO";"UNIÃO";"PR";"senador"
"Sérgio Petecão";"SERGIO PETECAO";"PSD";"AC";"senador"
"Soraya Thronicke";"SORAYA THRONICKE";"PODEMOS";"MS";"senador"
"Styvenson Valentim";"STYVENSON VALENTIM";"PODEMOS";"RN";"senador"
"Teresa Leitão";"TERESA LEITAO";"PT";"PE";"senador"
"Tereza Cristina";"TEREZA CRISTINA";"PP";"MS";"senador"
"Vanderlan Cardoso";"VANDERLAN CARDOSO";"PSD";"GO";"senador"
"Veneziano Vital Do Rêgo";"VENEZIANO VITAL REGO";"MDB";"PB";"senador"
"Wellington Fagundes";"WELLINGTON FAGUNDES";"PL";"MT";"senador"
"Weverton";"WEVERTON";"PDT";"MA";"senador"
"Wilder Morais";"WILDER MORAIS";"PL";"GO";"senador"
"Zenaide Maia";"ZENAIDE MAIA";"PSD";"RN";"senador"
"Zequinha Marinho";"ZEQUINHA MARINHO";"PODEMOS";"PA";"senador"
